resource_id,resource_type,region,instance_type,owner_tag,creation_time,status,anomaly_type,cost_per_hour,provider
projects/cloudguard-demo/zones/us-central1-a/instances/instance-fc0b4f35,ComputeInstance,us-central1,e2-micro,research-lab,2026-02-28T21:14,running,normal,0.0084,gcp
/subscriptions/sub-abc/resourceGroups/rg-afa406/providers/Microsoft.Compute/virtualMachines/vm-afa406ef,VirtualMachine,eastus,Standard_B1s,data-engineering,2026-02-28T11:14,running,normal,0.0104,azure
projects/cloudguard-demo/zones/us-central1-a/instances/instance-f0793bae,ComputeInstance,southamerica-east1,a2-highgpu-1g,devops,2026-02-13T06:14,running,normal,3.673,gcp
/subscriptions/sub-abc/resourceGroups/rg-343da8/providers/Microsoft.Compute/virtualMachines/vm-343da8e6,VirtualMachine,westeurope,Standard_D4s_v3,devops,2026-03-06T01:14,running,normal,0.192,azure
/subscriptions/sub-abc/resourceGroups/rg-ef1881/providers/Microsoft.Compute/virtualMachines/vm-ef1881ee,VirtualMachine,southeastasia,Standard_NC6,ml-team,2026-02-15T12:14,running,normal,0.9,azure
projects/cloudguard-demo/zones/us-central1-a/instances/instance-8686b364,ComputeInstance,asia-east1,a2-highgpu-1g,devops,2026-03-08T11:14,running,normal,3.673,gcp
i-e330f507871143628,EC2,eu-west-1,c5.4xlarge,temp-infra,2026-02-22T20:14,running,normal,0.68,aws
/subscriptions/sub-abc/resourceGroups/rg-6e8b54/providers/Microsoft.Compute/virtualMachines/vm-6e8b5441,VirtualMachine,eastus,Standard_NC12,backend-services,2026-02-27T23:14,running,normal,1.8,azure
projects/cloudguard-demo/zones/us-central1-a/instances/instance-0c8209b4,ComputeInstance,europe-west1,a2-highgpu-4g,abandoned-project,2026-02-28T15:14,running,normal,14.692,gcp
i-fcc08efbe1624085a,EC2,eu-west-1,r5.large,devops,2026-02-17T02:14,running,normal,0.126,aws
i-3d6d2545b5214158b,EC2,sa-east-1,p3.8xlarge,research-lab,2026-02-20T03:14,running,normal,12.24,aws
i-33b26fca71214536a,EC2,ap-southeast-1,p3.2xlarge,data-engineering,2026-03-05T17:14,running,normal,3.06,aws
/subscriptions/sub-abc/resourceGroups/rg-94f2de/providers/Microsoft.Compute/virtualMachines/vm-94f2de56,VirtualMachine,brazilsouth,Standard_D8s_v3,finance-analytics,2026-02-14T19:14,running,normal,0.384,azure
projects/cloudguard-demo/zones/us-central1-a/instances/instance-6ac5c639,ComputeInstance,us-central1,n1-standard-4,research-lab,2026-03-03T16:14,running,normal,0.19,gcp
i-697cca25544943b0a,EC2,us-east-1,p3.2xlarge,research-lab,2026-02-16T18:14,running,normal,3.06,aws
projects/cloudguard-demo/zones/us-central1-a/instances/instance-b958a5ba,ComputeInstance,us-central1,a2-highgpu-1g,abandoned-project,2026-03-09T14:14,running,normal,3.673,gcp
i-019200d7afa04c45a,EC2,us-east-1,r5.large,data-engineering,2026-03-07T11:14,running,normal,0.126,aws
i-5de2effb55004069a,EC2,sa-east-1,m5.4xlarge,unknown,2026-02-15T09:14,running,normal,0.768,aws
projects/cloudguard-demo/zones/us-central1-a/instances/instance-d2e8b427,ComputeInstance,southamerica-east1,n1-standard-4,finance-analytics,2026-03-05T06:14,running,normal,0.19,gcp
projects/cloudguard-demo/zones/us-central1-a/instances/instance-8829100e,ComputeInstance,europe-west1,a2-highgpu-1g,devops,2026-03-07T09:14,running,normal,3.673,gcp
/subscriptions/sub-abc/resourceGroups/rg-f1840c/providers/Microsoft.Compute/virtualMachines/vm-f1840cbf,VirtualMachine,westeurope,Standard_B1s,research-lab,2026-02-17T16:14,running,normal,0.0104,azure
projects/cloudguard-demo/zones/us-central1-a/instances/instance-46c26f59,ComputeInstance,southamerica-east1,a2-highgpu-1g,devops,2026-02-21T01:14,running,normal,3.673,gcp
/subscriptions/sub-abc/resourceGroups/rg-74e874/providers/Microsoft.Compute/virtualMachines/vm-74e87422,VirtualMachine,brazilsouth,Standard_D8s_v3,temp-infra,2026-02-09T16:14,running,normal,0.384,azure
i-ce8d133007e946bc9,EC2,us-west-2,m5.2xlarge,devops,2026-02-19T06:14,running,normal,0.384,aws
i-d03dd7941f874e879,EC2,ap-southeast-1,t3.medium,finance-analytics,2026-03-08T06:14,running,normal,0.0416,aws
/subscriptions/sub-abc/resourceGroups/rg-3a9d38/providers/Microsoft.Compute/virtualMachines/vm-3a9d3826,VirtualMachine,westeurope,Standard_D8s_v3,unknown,2026-03-03T09:14,running,normal,0.384,azure
/subscriptions/sub-abc/resourceGroups/rg-145a78/providers/Microsoft.Compute/virtualMachines/vm-145a78e1,VirtualMachine,brazilsouth,Standard_D4s_v3,finance-analytics,2026-02-17T15:14,running,normal,0.192,azure
i-557657492f4c4e868,EC2,eu-west-1,m5.4xlarge,ml-team,2026-02-13T11:14,running,over_provisioned,0.768,aws
projects/cloudguard-demo/zones/us-central1-a/instances/instance-817fc464,ComputeInstance,europe-west1,e2-micro,data-engineering,2026-03-07T12:14,running,over_provisioned,0.0084,gcp
projects/cloudguard-demo/zones/us-central1-a/instances/instance-297247fa,ComputeInstance,us-central1,n1-standard-2,data-engineering,2026-02-10T08:14,running,over_provisioned,0.095,gcp
/subscriptions/sub-abc/resourceGroups/rg-67cd5a/providers/Microsoft.Compute/virtualMachines/vm-67cd5ae9,VirtualMachine,southeastasia,Standard_D8s_v3,unknown,2026-02-09T18:14,running,over_provisioned,0.384,azure
i-a5441d6e174544c38,EC2,ap-southeast-1,m5.4xlarge,data-engineering,2026-02-15T11:14,running,over_provisioned,0.768,aws
/subscriptions/sub-abc/resourceGroups/rg-9c6bf5/providers/Microsoft.Compute/virtualMachines/vm-9c6bf5d8,VirtualMachine,westeurope,Standard_D8s_v3,abandoned-project,2026-03-03T16:14,running,over_provisioned,0.384,azure
projects/cloudguard-demo/zones/us-central1-a/instances/instance-bb7f70b0,ComputeInstance,us-central1,a2-highgpu-1g,finance-analytics,2026-02-10T02:14,running,over_provisioned,3.673,gcp
i-fc67dbc4cded4d60a,EC2,eu-west-1,g4dn.xlarge,research-lab,2026-03-01T10:14,running,idle_gpu,0.526,aws
/subscriptions/sub-abc/resourceGroups/rg-43ce05/providers/Microsoft.Compute/virtualMachines/vm-43ce05d6,VirtualMachine,eastus,Standard_NC6,unknown,2026-03-08T12:14,running,idle_gpu,0.9,azure
/subscriptions/sub-abc/resourceGroups/rg-3d90d0/providers/Microsoft.Compute/virtualMachines/vm-3d90d09b,VirtualMachine,brazilsouth,Standard_NC6,finance-analytics,2026-02-14T11:14,running,idle_gpu,0.9,azure
projects/cloudguard-demo/zones/us-central1-a/instances/instance-87fa595e,ComputeInstance,us-central1,a2-highgpu-1g,abandoned-project,2026-02-14T20:14,running,idle_gpu,3.673,gcp
/subscriptions/sub-abc/resourceGroups/rg-cc35ae/providers/Microsoft.Compute/virtualMachines/vm-cc35ae8b,VirtualMachine,southeastasia,Standard_NC6,devops,2026-02-27T18:14,running,idle_gpu,0.9,azure
/subscriptions/sub-abc/resourceGroups/rg-95d46e/providers/Microsoft.Compute/virtualMachines/vm-95d46e2f,VirtualMachine,westeurope,Standard_NC6,unknown,2025-09-24T22:14,running,orphaned_resource,0.9,azure
/subscriptions/sub-abc/resourceGroups/rg-378f71/providers/Microsoft.Compute/virtualMachines/vm-378f71df,VirtualMachine,brazilsouth,Standard_ND40rs_v2,temp-infra,2025-12-24T22:14,running,orphaned_resource,22.032,azure
/subscriptions/sub-abc/resourceGroups/rg-830ec9/providers/Microsoft.Compute/virtualMachines/vm-830ec93e,VirtualMachine,westeurope,Standard_D2s_v3,abandoned-project,2025-12-18T08:14,running,orphaned_resource,0.096,azure
/subscriptions/sub-abc/resourceGroups/rg-de67bf/providers/Microsoft.Compute/virtualMachines/vm-de67bf96,VirtualMachine,southeastasia,Standard_D4s_v3,unknown,2025-12-10T12:14,running,orphaned_resource,0.192,azure
i-a08ae1ca4e174374b,EC2,us-west-2,c5.2xlarge,research-lab,2026-03-05T18:14,running,cost_spike,0.34,aws
projects/cloudguard-demo/zones/us-central1-a/instances/instance-23efba2c,ComputeInstance,southamerica-east1,e2-micro,devops,2026-03-08T12:14,running,cost_spike,0.0084,gcp
projects/cloudguard-demo/zones/us-central1-a/instances/instance-8c36db4c,ComputeInstance,europe-west1,a2-highgpu-4g,abandoned-project,2026-03-07T10:14,running,cost_spike,14.692,gcp
i-e1a9b8aa63434dfc9,EC2,sa-east-1,p3.2xlarge,abandoned-project,2026-02-27T17:14,running,cryptomining,3.06,aws
i-fc26e047ea114e4b9,EC2,ap-southeast-1,p3.2xlarge,temp-infra,2026-03-02T00:14,running,cryptomining,3.06,aws
i-5f545a92afe640398,EC2,sa-east-1,c5.xlarge,abandoned-project,2026-02-19T13:14,running,abnormal_egress,0.17,aws
projects/cloudguard-demo/zones/us-central1-a/instances/instance-a837c92c,ComputeInstance,us-central1,n1-standard-4,research-lab,2026-02-10T02:14,running,abnormal_egress,0.19,gcp
i-bea5dace26704cf1a,EC2,us-west-2,m5.large,ml-team,2026-02-27T23:14,running,abnormal_egress,0.096,aws
projects/cloudguard-demo/zones/us-central1-a/instances/instance-39ee5455,ComputeInstance,europe-west1,a2-highgpu-1g,unknown,2026-02-21T08:14,running,zombie_load_balancer,3.673,gcp
i-e944dfb6ef6a4660b,EC2,us-west-2,t3.small,backend-services,2026-02-18T14:14,running,zombie_load_balancer,0.0208,aws
i-e207457cc51f4edb8,EC2,us-west-2,t3.small,temp-infra,2026-02-15T18:14,running,zombie_load_balancer,0.0208,aws
projects/cloudguard-demo/zones/us-central1-a/instances/instance-cfe59f08,ComputeInstance,southamerica-east1,n1-highmem-8,backend-services,2026-02-19T05:14,running,reserved_waste,0.402,gcp
projects/cloudguard-demo/zones/us-central1-a/instances/instance-631739b1,ComputeInstance,europe-west1,n1-highmem-8,research-lab,2026-03-07T02:14,running,reserved_waste,0.402,gcp
projects/cloudguard-demo/zones/us-central1-a/instances/instance-e974b951,ComputeInstance,europe-west1,e2-micro,backend-services,2026-02-22T01:14,running,reserved_waste,0.0084,gcp
/subscriptions/sub-abc/resourceGroups/rg-bd9b1c/providers/Microsoft.Compute/virtualMachines/vm-bd9b1c30,VirtualMachine,brazilsouth,Standard_NC6,unknown,2026-03-01T14:14,running,data_transfer_abuse,0.9,azure
i-f350a3eecc2449f1b,EC2,ap-southeast-1,m5.4xlarge,ml-team,2026-02-25T16:14,running,data_transfer_abuse,0.768,aws
